{"chunk_definitions":[{"row":9,"row_count":1,"visible":true,"expansion_state":0,"options":{"engine":"r","label":"setup","include":false},"document_id":"4070F582","chunk_id":"csetup_chunk","chunk_label":"setup"},{"row":29,"row_count":1,"visible":true,"expansion_state":0,"options":{"engine":"r","label":"load-packages","echo":true,"message":false,"warning":false},"document_id":"4070F582","chunk_id":"cimjoxpdvbcce","chunk_label":"load-packages"},{"row":36,"row_count":1,"visible":true,"expansion_state":0,"options":{"engine":"r","label":"unnamed-chunk-3"},"document_id":"4070F582","chunk_id":"c39hootabouun","chunk_label":"unnamed-chunk-1"},{"row":41,"row_count":1,"visible":true,"expansion_state":0,"options":{"engine":"r","label":"unnamed-chunk-4"},"document_id":"4070F582","chunk_id":"c6m31brqt4rhq","chunk_label":"unnamed-chunk-2"},{"row":60,"row_count":1,"visible":true,"expansion_state":0,"options":{"engine":"r","label":"unnamed-chunk-6"},"document_id":"4070F582","chunk_id":"crc8e55mhty4q","chunk_label":"unnamed-chunk-3"},{"row":66,"row_count":1,"visible":true,"expansion_state":0,"options":{"engine":"r","label":"unnamed-chunk-8"},"document_id":"4070F582","chunk_id":"c683pcoydz7xc","chunk_label":"unnamed-chunk-4"},{"row":73,"row_count":1,"visible":true,"expansion_state":0,"options":{"engine":"r","label":"unnamed-chunk-9"},"document_id":"4070F582","chunk_id":"c7wd6dbavd695","chunk_label":"unnamed-chunk-5"},{"row":81,"row_count":1,"visible":true,"expansion_state":0,"options":{"engine":"r","label":"unnamed-chunk-10"},"document_id":"4070F582","chunk_id":"cr9rqslg0zdee","chunk_label":"unnamed-chunk-6"},{"row":86,"row_count":1,"visible":true,"expansion_state":0,"options":{"engine":"r","label":"unnamed-chunk-11"},"document_id":"4070F582","chunk_id":"cmrc5xrjnz4no","chunk_label":"unnamed-chunk-7"},{"row":96,"row_count":1,"visible":true,"expansion_state":0,"options":{"engine":"r","label":"unnamed-chunk-12"},"document_id":"4070F582","chunk_id":"c52lsn9osyi4y","chunk_label":"unnamed-chunk-8"},{"row":112,"row_count":1,"visible":true,"expansion_state":0,"options":{"engine":"r","label":"unnamed-chunk-14"},"document_id":"4070F582","chunk_id":"cbxkbzs58b8vi","chunk_label":"unnamed-chunk-9"},{"row":122,"row_count":1,"visible":true,"expansion_state":0,"options":{"engine":"r","label":"unnamed-chunk-15"},"document_id":"4070F582","chunk_id":"cv58mxpx10298","chunk_label":"unnamed-chunk-10"},{"row":132,"row_count":1,"visible":true,"expansion_state":0,"options":{"engine":"r","label":"unnamed-chunk-21"},"document_id":"4070F582","chunk_id":"c1mcbw2wjzhar","chunk_label":"unnamed-chunk-11"},{"row":139,"row_count":1,"visible":true,"expansion_state":0,"options":{"engine":"r","label":"unnamed-chunk-19"},"document_id":"4070F582","chunk_id":"cjwf3vvsygb34","chunk_label":"unnamed-chunk-12"},{"row":144,"row_count":1,"visible":true,"expansion_state":0,"options":{"engine":"r","label":"unnamed-chunk-20"},"document_id":"4070F582","chunk_id":"c85lrd410bdpc","chunk_label":"unnamed-chunk-13"},{"row":154,"row_count":1,"visible":true,"expansion_state":0,"options":{"engine":"r","label":"unnamed-chunk-23"},"document_id":"4070F582","chunk_id":"c3eppfnsx9ymn","chunk_label":"unnamed-chunk-14"},{"row":162,"row_count":1,"visible":true,"expansion_state":0,"options":{"engine":"r","label":"unnamed-chunk-46"},"document_id":"4070F582","chunk_id":"c3ucx7jpfiwta","chunk_label":"unnamed-chunk-15"},{"row":170,"row_count":1,"visible":true,"expansion_state":0,"options":{"engine":"r","label":"unnamed-chunk-45"},"document_id":"4070F582","chunk_id":"ckz1w1izpagtq","chunk_label":"unnamed-chunk-16"},{"row":183,"row_count":1,"visible":true,"expansion_state":0,"options":{"engine":"r","label":"unnamed-chunk-43"},"document_id":"4070F582","chunk_id":"c6ikvjirat1gb","chunk_label":"unnamed-chunk-17"},{"row":193,"row_count":1,"visible":true,"expansion_state":0,"options":{"engine":"r","label":"unnamed-chunk-41"},"document_id":"4070F582","chunk_id":"cmtnv5fuoxivn","chunk_label":"unnamed-chunk-18"},{"row":197,"row_count":1,"visible":true,"expansion_state":0,"options":{"engine":"r","label":"unnamed-chunk-44"},"document_id":"4070F582","chunk_id":"cje3wr4twae2v","chunk_label":"unnamed-chunk-19"}],"doc_write_time":1683289010,"working_dir":null,"default_chunk_options":{"echo":true},"chunk_rendered_width":700}